{
    "name": "root",
    "gauges": {
        "TankBehavior.Policy.Entropy.mean": {
            "value": 1.1046099662780762,
            "min": 0.9526782035827637,
            "max": 1.786592960357666,
            "count": 100
        },
        "TankBehavior.Policy.Entropy.sum": {
            "value": 569.978759765625,
            "min": 419.3915710449219,
            "max": 1372.1033935546875,
            "count": 100
        },
        "TankBehavior.Step.mean": {
            "value": 49981.0,
            "min": 464.0,
            "max": 49981.0,
            "count": 100
        },
        "TankBehavior.Step.sum": {
            "value": 49981.0,
            "min": 464.0,
            "max": 49981.0,
            "count": 100
        },
        "TankBehavior.Policy.ExtrinsicValueEstimate.mean": {
            "value": 0.16534100472927094,
            "min": -0.06432653963565826,
            "max": 0.47913873195648193,
            "count": 100
        },
        "TankBehavior.Policy.ExtrinsicValueEstimate.sum": {
            "value": 1.4880690574645996,
            "min": -0.5146123170852661,
            "max": 4.312248706817627,
            "count": 100
        },
        "TankBehavior.Environment.EpisodeLength.mean": {
            "value": 480.5,
            "min": 24.0,
            "max": 2433.0,
            "count": 65
        },
        "TankBehavior.Environment.EpisodeLength.sum": {
            "value": 961.0,
            "min": 24.0,
            "max": 3531.0,
            "count": 65
        },
        "TankBehavior.Environment.CumulativeReward.mean": {
            "value": 9.987965822219849,
            "min": -6.515228569507599,
            "max": 10.492261198465712,
            "count": 66
        },
        "TankBehavior.Environment.CumulativeReward.sum": {
            "value": 19.975931644439697,
            "min": -6.515228569507599,
            "max": 34.4640385779785,
            "count": 66
        },
        "TankBehavior.Policy.ExtrinsicReward.mean": {
            "value": 9.987965822219849,
            "min": -6.515228569507599,
            "max": 10.492261198465712,
            "count": 66
        },
        "TankBehavior.Policy.ExtrinsicReward.sum": {
            "value": 19.975931644439697,
            "min": -6.515228569507599,
            "max": 34.4640385779785,
            "count": 66
        },
        "TankBehavior.IsTraining.mean": {
            "value": 1.0,
            "min": 1.0,
            "max": 1.0,
            "count": 100
        },
        "TankBehavior.IsTraining.sum": {
            "value": 1.0,
            "min": 1.0,
            "max": 1.0,
            "count": 100
        },
        "TankBehavior.Losses.PolicyLoss.mean": {
            "value": 0.07019023150205612,
            "min": 0.038956118002533915,
            "max": 0.10379590677718321,
            "count": 72
        },
        "TankBehavior.Losses.PolicyLoss.sum": {
            "value": 0.07019023150205612,
            "min": 0.038956118002533915,
            "max": 0.10379590677718321,
            "count": 72
        },
        "TankBehavior.Losses.ValueLoss.mean": {
            "value": 0.04983009919524193,
            "min": 0.018799258209764958,
            "max": 3.805160727103551,
            "count": 72
        },
        "TankBehavior.Losses.ValueLoss.sum": {
            "value": 0.04983009919524193,
            "min": 0.018799258209764958,
            "max": 3.805160727103551,
            "count": 72
        },
        "TankBehavior.Policy.LearningRate.mean": {
            "value": 3.420009931599979e-05,
            "min": 3.420009931599979e-05,
            "max": 0.004928000001440001,
            "count": 72
        },
        "TankBehavior.Policy.LearningRate.sum": {
            "value": 3.420009931599979e-05,
            "min": 3.420009931599979e-05,
            "max": 0.004928000001440001,
            "count": 72
        },
        "TankBehavior.Policy.Epsilon.mean": {
            "value": 0.100684,
            "min": 0.100684,
            "max": 0.19856000000000004,
            "count": 72
        },
        "TankBehavior.Policy.Epsilon.sum": {
            "value": 0.100684,
            "min": 0.100684,
            "max": 0.19856000000000004,
            "count": 72
        },
        "TankBehavior.Policy.Beta.mean": {
            "value": 1.0615599999999995e-05,
            "min": 1.0615599999999995e-05,
            "max": 9.870400000000001e-05,
            "count": 72
        },
        "TankBehavior.Policy.Beta.sum": {
            "value": 1.0615599999999995e-05,
            "min": 1.0615599999999995e-05,
            "max": 9.870400000000001e-05,
            "count": 72
        }
    },
    "metadata": {
        "timer_format_version": "0.1.0",
        "start_time_seconds": "1700066476",
        "python_version": "3.10.12 | packaged by conda-forge | (main, Jun 23 2023, 22:39:40) [Clang 15.0.7 ]",
        "command_line_arguments": "/opt/anaconda3/envs/mlagents/bin/mlagents-learn config.yaml --run-id=training15 --force",
        "mlagents_version": "1.0.0",
        "mlagents_envs_version": "1.0.0",
        "communication_protocol_version": "1.5.0",
        "pytorch_version": "2.1.0",
        "numpy_version": "1.21.2",
        "end_time_seconds": "1700066662"
    },
    "total": 185.89409488398815,
    "count": 1,
    "self": 0.006693978968542069,
    "children": {
        "run_training.setup": {
            "total": 0.031429263995960355,
            "count": 1,
            "self": 0.031429263995960355
        },
        "TrainerController.start_learning": {
            "total": 185.85597164102364,
            "count": 1,
            "self": 0.138106333615724,
            "children": {
                "TrainerController._reset_env": {
                    "total": 23.471038893971127,
                    "count": 1,
                    "self": 23.471038893971127
                },
                "TrainerController.advance": {
                    "total": 162.16531690239208,
                    "count": 8471,
                    "self": 0.13696791930124164,
                    "children": {
                        "env_step": {
                            "total": 146.43372911866754,
                            "count": 8471,
                            "self": 137.2460993238492,
                            "children": {
                                "SubprocessEnvManager._take_step": {
                                    "total": 9.096230243099853,
                                    "count": 8471,
                                    "self": 0.3842526260414161,
                                    "children": {
                                        "TorchPolicy.evaluate": {
                                            "total": 8.711977617058437,
                                            "count": 8368,
                                            "self": 8.711977617058437
                                        }
                                    }
                                },
                                "workers": {
                                    "total": 0.09139955171849579,
                                    "count": 8471,
                                    "self": 0.0,
                                    "children": {
                                        "worker_root": {
                                            "total": 162.38182592816884,
                                            "count": 8471,
                                            "is_parallel": true,
                                            "self": 33.10578572569648,
                                            "children": {
                                                "steps_from_proto": {
                                                    "total": 0.0005145629984326661,
                                                    "count": 1,
                                                    "is_parallel": true,