{
    "name": "root",
    "gauges": {
        "TankBehavior.Policy.Entropy.mean": {
            "value": 1.6719974279403687,
            "min": 1.6534790992736816,
            "max": 1.7875549793243408,
            "count": 100
        },
        "TankBehavior.Policy.Entropy.sum": {
            "value": 1013.2304077148438,
            "min": 644.5701904296875,
            "max": 1372.7252197265625,
            "count": 100
        },
        "TankBehavior.Step.mean": {
            "value": 49994.0,
            "min": 445.0,
            "max": 49994.0,
            "count": 100
        },
        "TankBehavior.Step.sum": {
            "value": 49994.0,
            "min": 445.0,
            "max": 49994.0,
            "count": 100
        },
        "TankBehavior.Policy.ExtrinsicValueEstimate.mean": {
            "value": 0.5600283741950989,
            "min": -0.5320553779602051,
            "max": 0.8861510753631592,
            "count": 100
        },
        "TankBehavior.Policy.ExtrinsicValueEstimate.sum": {
            "value": 5.040255546569824,
            "min": -4.256443023681641,
            "max": 7.9753594398498535,
            "count": 100
        },
        "TankBehavior.Environment.EpisodeLength.mean": {
            "value": 918.0,
            "min": 80.0,
            "max": 3049.0,
            "count": 51
        },
        "TankBehavior.Environment.EpisodeLength.sum": {
            "value": 918.0,
            "min": 80.0,
            "max": 5366.0,
            "count": 51
        },
        "TankBehavior.Environment.CumulativeReward.mean": {
            "value": 9.977027034270577,
            "min": -3.0044418275356293,
            "max": 10.482402086257935,
            "count": 52
        },
        "TankBehavior.Environment.CumulativeReward.sum": {
            "value": 9.977027034270577,
            "min": -11.024452989688143,
            "max": 20.947015128447674,
            "count": 52
        },
        "TankBehavior.Policy.ExtrinsicReward.mean": {
            "value": 9.977027034270577,
            "min": -3.0044418275356293,
            "max": 10.482402086257935,
            "count": 52
        },
        "TankBehavior.Policy.ExtrinsicReward.sum": {
            "value": 9.977027034270577,
            "min": -11.024452989688143,
            "max": 20.947015128447674,
            "count": 52
        },
        "TankBehavior.IsTraining.mean": {
            "value": 1.0,
            "min": 1.0,
            "max": 1.0,
            "count": 100
        },
        "TankBehavior.IsTraining.sum": {
            "value": 1.0,
            "min": 1.0,
            "max": 1.0,
            "count": 100
        },
        "TankBehavior.Losses.PolicyLoss.mean": {
            "value": 0.04876051756242911,
            "min": 0.033680699206888674,
            "max": 0.06414233829515675,
            "count": 19
        },
        "TankBehavior.Losses.PolicyLoss.sum": {
            "value": 0.04876051756242911,
            "min": 0.033680699206888674,
            "max": 0.06414233829515675,
            "count": 19
        },
        "TankBehavior.Losses.ValueLoss.mean": {
            "value": 0.08989767208695412,
            "min": 0.061005806426207225,
            "max": 2.071616556247075,
            "count": 19
        },
        "TankBehavior.Losses.ValueLoss.sum": {
            "value": 0.08989767208695412,
            "min": 0.061005806426207225,
            "max": 2.071616556247075,
            "count": 19
        },
        "TankBehavior.Policy.LearningRate.mean": {
            "value": 3.260009934799987e-05,
            "min": 3.260009934799987e-05,
            "max": 0.004741800005164,
            "count": 19
        },
        "TankBehavior.Policy.LearningRate.sum": {
            "value": 3.260009934799987e-05,
            "min": 3.260009934799987e-05,
            "max": 0.004741800005164,
            "count": 19
        },
        "TankBehavior.Policy.Epsilon.mean": {
            "value": 0.10065200000000003,
            "min": 0.10065200000000003,
            "max": 0.1948360000000001,
            "count": 19
        },
        "TankBehavior.Policy.Epsilon.sum": {
            "value": 0.10065200000000003,
            "min": 0.10065200000000003,
            "max": 0.1948360000000001,
            "count": 19
        },
        "TankBehavior.Policy.Beta.mean": {
            "value": 1.6454799999999967e-05,
            "min": 1.6454799999999967e-05,
            "max": 0.0009488763999999999,
            "count": 19
        },
        "TankBehavior.Policy.Beta.sum": {
            "value": 1.6454799999999967e-05,
            "min": 1.6454799999999967e-05,
            "max": 0.0009488763999999999,
            "count": 19
        }
    },
    "metadata": {
        "timer_format_version": "0.1.0",
        "start_time_seconds": "1700059311",
        "python_version": "3.10.12 | packaged by conda-forge | (main, Jun 23 2023, 22:39:40) [Clang 15.0.7 ]",
        "command_line_arguments": "/opt/anaconda3/envs/mlagents/bin/mlagents-learn config.yaml --run-id=training7 --force",
        "mlagents_version": "1.0.0",
        "mlagents_envs_version": "1.0.0",
        "communication_protocol_version": "1.5.0",
        "pytorch_version": "2.1.0",
        "numpy_version": "1.21.2",
        "end_time_seconds": "1700059498"
    },
    "total": 187.1788337669568,
    "count": 1,
    "self": 0.006861393980216235,
    "children": {
        "run_training.setup": {
            "total": 0.035047744982875884,
            "count": 1,
            "self": 0.035047744982875884
        },
        "TrainerController.start_learning": {
            "total": 187.13692462799372,
            "count": 1,
            "self": 0.15300344192655757,
            "children": {
                "TrainerController._reset_env": {
                    "total": 19.2332962200162,
                    "count": 1,
                    "self": 19.2332962200162
                },
                "TrainerController.advance": {
                    "total": 167.65405460906914,
                    "count": 8470,
                    "self": 0.14898200426250696,
                    "children": {
                        "env_step": {
                            "total": 152.16450247756438,
                            "count": 8470,
                            "self": 142.25270639144583,
                            "children": {
                                "SubprocessEnvManager._take_step": {
                                    "total": 9.812935350986663,
                                    "count": 8470,
                                    "self": 0.41697931388625875,
                                    "children": {
                                        "TorchPolicy.evaluate": {
                                            "total": 9.395956037100405,
                                            "count": 8378,
                                            "self": 9.395956037100405
                                        }
                                    }
                                },
                                "workers": {
                                    "total": 0.09886073513189331,
                                    "count": 8470,
                                    "self": 0.0,
                                    "children": {
                                        "worker_root": {
                                            "total": 167.94499431242002,
                                            "count": 8470,
                                            "is_parallel": true,
                                            "self": 34.09121334127849,
                                            "children": {
                                                "steps_from_proto": {
                                                    "total": 0.0006091439863666892,
                                                    "count": 1,